   <ExacheckResult executionTimestamp="2013-09-10 10:59:21 ICT">
     <CheckID>9AC6B6B6D3A7A60EE040E50A1EC045FC</CheckID>
     <CheckType>OS</CheckType>
     <AlertType>FAIL</AlertType>
     <TargetType>UNSPECIFIED</TargetType>
     <Status>PASS</Status>
     <ColumnValues>
       <ColumnValue Name="NodeName" value="dm01db02"/>
     </ColumnValues>
   </ExacheckResult>
   <ExacheckResult executionTimestamp="2013-09-10 10:59:22 ICT">
     <CheckID>9AC756552BAE5EA4E040E50A1EC0475E</CheckID>
     <CheckType>SQL_PARAM</CheckType>
     <AlertType>FAIL</AlertType>
     <TargetType>RDBMS</TargetType>
     <Status>FAIL</Status>
     <OutfilePath>d_v_parameter_ccbs.out</OutfilePath>
     <ColumnValues>
       <ColumnValue Name="DBName" value="ccbs"/>
       <ColumnValue Name="InstanceName" value="ccbs2"/>
       <ColumnValue Name="InitORAParameterName" value="db_block_checksum"/>
     </ColumnValues>
   </ExacheckResult>
   <ExacheckResult executionTimestamp="2013-09-10 10:59:22 ICT">
     <CheckID>9AC756552BAE5EA4E040E50A1EC0475E</CheckID>
     <CheckType>SQL_PARAM</CheckType>
     <AlertType>FAIL</AlertType>
     <TargetType>RDBMS</TargetType>
     <Status>FAIL</Status>
     <OutfilePath>d_v_parameter_fsdb.out</OutfilePath>
     <ColumnValues>
       <ColumnValue Name="DBName" value="fsdb"/>
       <ColumnValue Name="InstanceName" value="fsdb2"/>
       <ColumnValue Name="InitORAParameterName" value="db_block_checksum"/>
     </ColumnValues>
   </ExacheckResult>
   <ExacheckResult executionTimestamp="2013-09-10 10:59:22 ICT">
     <CheckID>9AD35EF4C40B493AE040E50A1EC0562E</CheckID>
     <CheckType>SQL_PARAM</CheckType>
     <AlertType>FAIL</AlertType>
     <TargetType>RDBMS</TargetType>
     <Status>FAIL</Status>
     <OutfilePath>d_v_parameter_u_ccbs.out</OutfilePath>
     <ColumnValues>
       <ColumnValue Name="DBName" value="ccbs"/>
       <ColumnValue Name="InstanceName" value="ccbs2"/>
       <ColumnValue Name="InitORAParameterName" value="_kill_diagnostics_timeout"/>
     </ColumnValues>
   </ExacheckResult>
   <ExacheckResult executionTimestamp="2013-09-10 10:59:22 ICT">
     <CheckID>9AD35EF4C40B493AE040E50A1EC0562E</CheckID>
     <CheckType>SQL_PARAM</CheckType>
     <AlertType>FAIL</AlertType>
     <TargetType>RDBMS</TargetType>
     <Status>FAIL</Status>
     <OutfilePath>d_v_parameter_u_fsdb.out</OutfilePath>
     <ColumnValues>
       <ColumnValue Name="DBName" value="fsdb"/>
       <ColumnValue Name="InstanceName" value="fsdb2"/>
       <ColumnValue Name="InitORAParameterName" value="_kill_diagnostics_timeout"/>
     </ColumnValues>
   </ExacheckResult>
   <ExacheckResult executionTimestamp="2013-09-10 10:59:22 ICT">
     <CheckID>9AD36B555DE9A9C4E040E50A1EC035C2</CheckID>
     <CheckType>SQL_PARAM</CheckType>
     <AlertType>FAIL</AlertType>
     <TargetType>RDBMS</TargetType>
     <Status>FAIL</Status>
     <OutfilePath>d_v_parameter_u_ccbs.out</OutfilePath>
     <ColumnValues>
       <ColumnValue Name="DBName" value="ccbs"/>
       <ColumnValue Name="InstanceName" value="ccbs2"/>
       <ColumnValue Name="InitORAParameterName" value="_lm_rcvr_hang_allow_time"/>
     </ColumnValues>
   </ExacheckResult>
   <ExacheckResult executionTimestamp="2013-09-10 10:59:22 ICT">
     <CheckID>9AD36B555DE9A9C4E040E50A1EC035C2</CheckID>
     <CheckType>SQL_PARAM</CheckType>
     <AlertType>FAIL</AlertType>
     <TargetType>RDBMS</TargetType>
     <Status>FAIL</Status>
     <OutfilePath>d_v_parameter_u_fsdb.out</OutfilePath>
     <ColumnValues>
       <ColumnValue Name="DBName" value="fsdb"/>
       <ColumnValue Name="InstanceName" value="fsdb2"/>
       <ColumnValue Name="InitORAParameterName" value="_lm_rcvr_hang_allow_time"/>
     </ColumnValues>
   </ExacheckResult>
   <ExacheckResult executionTimestamp="2013-09-10 10:59:23 ICT">
     <CheckID>9AD5CB42E2BF2A36E040E50A1EC043EB</CheckID>
     <CheckType>OS</CheckType>
     <AlertType>FAIL</AlertType>
     <TargetType>UNSPECIFIED</TargetType>
     <Status>PASS</Status>
     <ColumnValues>
       <ColumnValue Name="NodeName" value="dm01db02"/>
     </ColumnValues>
   </ExacheckResult>
   <ExacheckResult executionTimestamp="2013-09-10 10:59:24 ICT">
     <CheckID>9AD7779E9B530D17E040E50A1EC00DF0</CheckID>
     <CheckType>OS</CheckType>
     <AlertType>FAIL</AlertType>
     <TargetType>CRS</TargetType>
     <Status>PASS</Status>
     <ColumnValues>
       <ColumnValue Name="NodeName" value="dm01db02"/>
     </ColumnValues>
   </ExacheckResult>
   <ExacheckResult executionTimestamp="2013-09-10 10:59:24 ICT">
     <CheckID>9ADAA0C21F2AE1AEE040E50A1EC0240F</CheckID>
     <CheckType>OS</CheckType>
     <AlertType>FAIL</AlertType>
     <TargetType>UNSPECIFIED</TargetType>
     <Status>PASS</Status>
     <ColumnValues>
       <ColumnValue Name="NodeName" value="dm01db02"/>
     </ColumnValues>
   </ExacheckResult>
   <ExacheckResult executionTimestamp="2013-09-10 10:59:25 ICT">
     <CheckID>9AEA5B4309122458E040E50A1EC00947</CheckID>
     <CheckType>OS</CheckType>
     <AlertType>WARNING</AlertType>
     <TargetType>ASM</TargetType>
     <Status>PASS</Status>
     <ColumnValues>
       <ColumnValue Name="NodeName" value="dm01db02"/>
     </ColumnValues>
   </ExacheckResult>
   <ExacheckResult executionTimestamp="2013-09-10 10:59:28 ICT">
     <CheckID>9AEC070BC6FA9A45E040E50A1EC062CD</CheckID>
     <CheckType>OS</CheckType>
     <AlertType>FAIL</AlertType>
     <TargetType>RDBMS</TargetType>
     <Status>PASS</Status>
     <ColumnValues>
       <ColumnValue Name="NodeName" value="dm01db02"/>
       <ColumnValue Name="DBName" value="ccbs"/>
     </ColumnValues>
   </ExacheckResult>
   <ExacheckResult executionTimestamp="2013-09-10 10:59:30 ICT">
     <CheckID>9AEC070BC6FA9A45E040E50A1EC062CD</CheckID>
     <CheckType>OS</CheckType>
     <AlertType>FAIL</AlertType>
     <TargetType>RDBMS</TargetType>
     <Status>FAIL</Status>
     <ColumnValues>
       <ColumnValue Name="NodeName" value="dm01db02"/>
       <ColumnValue Name="DBName" value="fsdb"/>
     </ColumnValues>
   </ExacheckResult>
   <ExacheckResult executionTimestamp="2013-09-10 10:59:30 ICT">
     <CheckID>9B7D18667DE524ACE040E50A1EC07F2B</CheckID>
     <CheckType>SQL_PARAM</CheckType>
     <AlertType>WARNING</AlertType>
     <TargetType>RDBMS</TargetType>
     <Status>FAIL</Status>
     <OutfilePath>d_v_parameter_ccbs.out</OutfilePath>
     <ColumnValues>
       <ColumnValue Name="DBName" value="ccbs"/>
       <ColumnValue Name="InstanceName" value="ccbs2"/>
       <ColumnValue Name="InitORAParameterName" value="filesystemio_options"/>
     </ColumnValues>
   </ExacheckResult>
   <ExacheckResult executionTimestamp="2013-09-10 10:59:30 ICT">
     <CheckID>9B7D18667DE524ACE040E50A1EC07F2B</CheckID>
     <CheckType>SQL_PARAM</CheckType>
     <AlertType>WARNING</AlertType>
     <TargetType>RDBMS</TargetType>
     <Status>FAIL</Status>
     <OutfilePath>d_v_parameter_fsdb.out</OutfilePath>
     <ColumnValues>
       <ColumnValue Name="DBName" value="fsdb"/>
       <ColumnValue Name="InstanceName" value="fsdb2"/>
       <ColumnValue Name="InitORAParameterName" value="filesystemio_options"/>
     </ColumnValues>
   </ExacheckResult>
   <ExacheckResult executionTimestamp="2013-09-10 10:59:31 ICT">
     <CheckID>9BB4F7BA3329CC94E040E50A1EC073E9</CheckID>
     <CheckType>OS</CheckType>
     <AlertType>FAIL</AlertType>
     <TargetType>CRS</TargetType>
     <Status>PASS</Status>
     <ColumnValues>
       <ColumnValue Name="NodeName" value="dm01db02"/>
     </ColumnValues>
   </ExacheckResult>
   <ExacheckResult executionTimestamp="2013-09-10 10:59:31 ICT">
     <CheckID>9BB4F7BA332BCC94E040E50A1EC073E9</CheckID>
     <CheckType>OS</CheckType>
     <AlertType>FAIL</AlertType>
     <TargetType>UNSPECIFIED</TargetType>
     <Status>PASS</Status>
     <ColumnValues>
       <ColumnValue Name="NodeName" value="dm01db02"/>
     </ColumnValues>
   </ExacheckResult>
   <ExacheckResult executionTimestamp="2013-09-10 10:59:32 ICT">
     <CheckID>9BB83C959994CEE5E040E50A1EC0094E</CheckID>
     <CheckType>OS</CheckType>
     <AlertType>FAIL</AlertType>
     <TargetType>UNSPECIFIED</TargetType>
     <Status>PASS</Status>
     <ColumnValues>
       <ColumnValue Name="NodeName" value="dm01db02"/>
     </ColumnValues>
   </ExacheckResult>
   <ExacheckResult executionTimestamp="2013-09-10 10:59:32 ICT">
     <CheckID>9BB8CFEE59ECE60DE040E50A1EC01D04</CheckID>
     <CheckType>OS</CheckType>
     <AlertType>WARNING</AlertType>
     <TargetType>UNSPECIFIED</TargetType>
     <Status>PASS</Status>
     <ColumnValues>
       <ColumnValue Name="NodeName" value="dm01db02"/>
     </ColumnValues>
   </ExacheckResult>
   <ExacheckResult executionTimestamp="2013-09-10 10:59:32 ICT">
     <CheckID>9BCBEBEB695E16D6E040E50A1EC0614E</CheckID>
     <CheckType>OS_OUT_CHECK</CheckType>
     <AlertType>FAIL</AlertType>
     <TargetType>UNSPECIFIED</TargetType>
     <Status>PASS</Status>
     <OutfilePath>o_tune2fs_dm01db02.out</OutfilePath>
     <ColumnValues>
       <ColumnValue Name="NodeName" value="dm01db02"/>
     </ColumnValues>
   </ExacheckResult>
   <ExacheckResult executionTimestamp="2013-09-10 10:59:32 ICT">
     <CheckID>9BCD247F93D54F4DE040E50A1EC01BC8</CheckID>
     <CheckType>OS_OUT_CHECK</CheckType>
     <AlertType>FAIL</AlertType>
     <TargetType>UNSPECIFIED</TargetType>
     <Status>PASS</Status>
     <OutfilePath>o_sytem_model_number_dm01db02.out</OutfilePath>
     <ColumnValues>
       <ColumnValue Name="NodeName" value="dm01db02"/>
     </ColumnValues>
   </ExacheckResult>
   <ExacheckResult executionTimestamp="2013-09-10 10:59:33 ICT">
     <CheckID>9DEBED7B8DAB583DE040E50A1EC01BA0</CheckID>
     <CheckType>OS</CheckType>
     <AlertType>FAIL</AlertType>
     <TargetType>ASM</TargetType>
     <Status>PASS</Status>
     <ColumnValues>
       <ColumnValue Name="NodeName" value="dm01db02"/>
     </ColumnValues>
   </ExacheckResult>
   <ExacheckResult executionTimestamp="2013-09-10 10:59:33 ICT">
     <CheckID>9DFE593F0B724CBAE040E50A1EC01F9E</CheckID>
     <CheckType>OS_OUT_CHECK</CheckType>
     <AlertType>FAIL</AlertType>
     <TargetType>UNSPECIFIED</TargetType>
     <Status>PASS</Status>
     <OutfilePath>o_raid_battery_temp_dm01db02.out</OutfilePath>
     <ColumnValues>
       <ColumnValue Name="NodeName" value="dm01db02"/>
     </ColumnValues>
   </ExacheckResult>
   <ExacheckResult executionTimestamp="2013-09-10 10:59:34 ICT">
     <CheckID>9E004BDDCDECD90EE040E50A1EC06302</CheckID>
     <CheckType>OS</CheckType>
     <AlertType>FAIL</AlertType>
     <TargetType>UNSPECIFIED</TargetType>
     <Status>PASS</Status>
     <ColumnValues>
       <ColumnValue Name="NodeName" value="dm01db02"/>
     </ColumnValues>
   </ExacheckResult>
   <ExacheckResult executionTimestamp="2013-09-10 10:59:34 ICT">
     <CheckID>9EB3D82B8232CFAEE040E50A1EC04D89</CheckID>
     <CheckType>OS</CheckType>
     <AlertType>WARNING</AlertType>
     <TargetType>UNSPECIFIED</TargetType>
     <Status>PASS</Status>
     <ColumnValues>
       <ColumnValue Name="NodeName" value="dm01db02"/>
     </ColumnValues>
   </ExacheckResult>
   <ExacheckResult executionTimestamp="2013-09-10 10:59:34 ICT">
     <CheckID>9EB72ABADE01FED3E040E50A1EC075AF</CheckID>
     <CheckType>OS</CheckType>
     <AlertType>WARNING</AlertType>
     <TargetType>UNSPECIFIED</TargetType>
     <Status>PASS</Status>
     <ColumnValues>
       <ColumnValue Name="NodeName" value="dm01db02"/>
     </ColumnValues>
   </ExacheckResult>
   <ExacheckResult executionTimestamp="2013-09-10 10:59:34 ICT">
     <CheckID>9EB7E9577DD69A73E040E50A1EC01AF6</CheckID>
     <CheckType>OS</CheckType>
     <AlertType>WARNING</AlertType>
     <TargetType>UNSPECIFIED</TargetType>
     <Status>PASS</Status>
     <ColumnValues>
       <ColumnValue Name="NodeName" value="dm01db02"/>
     </ColumnValues>
   </ExacheckResult>
   <ExacheckResult executionTimestamp="2013-09-10 10:59:35 ICT">
     <CheckID>9EB7E9577DD79A73E040E50A1EC01AF6</CheckID>
     <CheckType>OS</CheckType>
     <AlertType>WARNING</AlertType>
     <TargetType>UNSPECIFIED</TargetType>
     <Status>PASS</Status>
     <ColumnValues>
       <ColumnValue Name="NodeName" value="dm01db02"/>
     </ColumnValues>
   </ExacheckResult>
   <ExacheckResult executionTimestamp="2013-09-10 10:59:35 ICT">
     <CheckID>9EB84272626BFF6EE040E50A1EC02AF3</CheckID>
     <CheckType>OS</CheckType>
     <AlertType>WARNING</AlertType>
     <TargetType>UNSPECIFIED</TargetType>
     <Status>PASS</Status>
     <ColumnValues>
       <ColumnValue Name="NodeName" value="dm01db02"/>
     </ColumnValues>
   </ExacheckResult>
   <ExacheckResult executionTimestamp="2013-09-10 10:59:35 ICT">
     <CheckID>9EB848CDD040ACADE040E50A1EC01840</CheckID>
     <CheckType>OS</CheckType>
     <AlertType>WARNING</AlertType>
     <TargetType>UNSPECIFIED</TargetType>
     <Status>PASS</Status>
     <ColumnValues>
       <ColumnValue Name="NodeName" value="dm01db02"/>
     </ColumnValues>
   </ExacheckResult>
   <ExacheckResult executionTimestamp="2013-09-10 10:59:35 ICT">
     <CheckID>9EB87E6D8E55F76BE040E50A1EC035C6</CheckID>
     <CheckType>OS</CheckType>
     <AlertType>WARNING</AlertType>
     <TargetType>UNSPECIFIED</TargetType>
     <Status>PASS</Status>
     <ColumnValues>
       <ColumnValue Name="NodeName" value="dm01db02"/>
     </ColumnValues>
   </ExacheckResult>
   <ExacheckResult executionTimestamp="2013-09-10 10:59:35 ICT">
     <CheckID>9EB883858764342DE040E50A1EC0359A</CheckID>
     <CheckType>OS</CheckType>
     <AlertType>WARNING</AlertType>
     <TargetType>UNSPECIFIED</TargetType>
     <Status>PASS</Status>
     <ColumnValues>
       <ColumnValue Name="NodeName" value="dm01db02"/>
     </ColumnValues>
   </ExacheckResult>
   <ExacheckResult executionTimestamp="2013-09-10 10:59:36 ICT">
     <CheckID>9EB8B170DA93187EE040E50A1EC03D86</CheckID>
     <CheckType>OS</CheckType>
     <AlertType>WARNING</AlertType>
     <TargetType>UNSPECIFIED</TargetType>
     <Status>PASS</Status>
     <ColumnValues>
       <ColumnValue Name="NodeName" value="dm01db02"/>
     </ColumnValues>
   </ExacheckResult>
   <ExacheckResult executionTimestamp="2013-09-10 10:59:36 ICT">
     <CheckID>9EB8CACD50DCE0A3E040E50A1EC040B8</CheckID>
     <CheckType>OS_OUT_CHECK</CheckType>
     <AlertType>WARNING</AlertType>
     <TargetType>UNSPECIFIED</TargetType>
     <Status>PASS</Status>
     <OutfilePath>o_crs_hslimit_dm01db02.out</OutfilePath>
     <ColumnValues>
       <ColumnValue Name="NodeName" value="dm01db02"/>
     </ColumnValues>
   </ExacheckResult>
   <ExacheckResult executionTimestamp="2013-09-10 10:59:37 ICT">
     <CheckID>9EC835C8E11ADE5BE040E50A1EC01CA0</CheckID>
     <CheckType>OS</CheckType>
     <AlertType>WARNING</AlertType>
     <TargetType>CRS</TargetType>
     <Status>PASS</Status>
     <ColumnValues>
       <ColumnValue Name="NodeName" value="dm01db02"/>
     </ColumnValues>
   </ExacheckResult>
   <ExacheckResult executionTimestamp="2013-09-10 10:59:37 ICT">
     <CheckID>9EC5F80C2B9A9770E040E50A1EC03A49</CheckID>
     <CheckType>OS</CheckType>
     <AlertType>WARNING</AlertType>
     <TargetType>UNSPECIFIED</TargetType>
     <Status>PASS</Status>
     <ColumnValues>
       <ColumnValue Name="NodeName" value="dm01db02"/>
     </ColumnValues>
   </ExacheckResult>
   <ExacheckResult executionTimestamp="2013-09-10 10:59:38 ICT">
     <CheckID>9EC5FC17F153DA56E040E50A1EC04678</CheckID>
     <CheckType>OS</CheckType>
     <AlertType>WARNING</AlertType>
     <TargetType>CRS</TargetType>
     <Status>PASS</Status>
     <ColumnValues>
       <ColumnValue Name="NodeName" value="dm01db02"/>
     </ColumnValues>
   </ExacheckResult>
   <ExacheckResult executionTimestamp="2013-09-10 10:59:39 ICT">
     <CheckID>9EC5FC17F15CDA56E040E50A1EC04678</CheckID>
     <CheckType>OS</CheckType>
     <AlertType>WARNING</AlertType>
     <TargetType>UNSPECIFIED</TargetType>
     <Status>PASS</Status>
     <ColumnValues>
       <ColumnValue Name="NodeName" value="dm01db02"/>
     </ColumnValues>
   </ExacheckResult>
   <ExacheckResult executionTimestamp="2013-09-10 10:59:39 ICT">
     <CheckID>9EC63D75E700717CE040E50A1EC04D03</CheckID>
     <CheckType>OS</CheckType>
     <AlertType>WARNING</AlertType>
     <TargetType>UNSPECIFIED</TargetType>
     <Status>PASS</Status>
     <ColumnValues>
       <ColumnValue Name="NodeName" value="dm01db02"/>
     </ColumnValues>
   </ExacheckResult>
   <ExacheckResult executionTimestamp="2013-09-10 10:59:40 ICT">
     <CheckID>9EC6C5EEC4CF856DE040E50A1EC06B79</CheckID>
     <CheckType>OS</CheckType>
     <AlertType>WARNING</AlertType>
     <TargetType>CRS</TargetType>
     <Status>PASS</Status>
     <ColumnValues>
       <ColumnValue Name="NodeName" value="dm01db02"/>
     </ColumnValues>
   </ExacheckResult>
   <ExacheckResult executionTimestamp="2013-09-10 10:59:40 ICT">
     <CheckID>9EC6FFF48D30AFF3E040E50A1EC0768E</CheckID>
     <CheckType>OS</CheckType>
     <AlertType>WARNING</AlertType>
     <TargetType>UNSPECIFIED</TargetType>
     <Status>PASS</Status>
     <ColumnValues>
       <ColumnValue Name="NodeName" value="dm01db02"/>
     </ColumnValues>
   </ExacheckResult>
   <ExacheckResult executionTimestamp="2013-09-10 10:59:40 ICT">
     <CheckID>9EC6FFF48D31AFF3E040E50A1EC0768E</CheckID>
     <CheckType>OS</CheckType>
     <AlertType>WARNING</AlertType>
     <TargetType>UNSPECIFIED</TargetType>
     <Status>PASS</Status>
     <ColumnValues>
       <ColumnValue Name="NodeName" value="dm01db02"/>
     </ColumnValues>
   </ExacheckResult>
   <ExacheckResult executionTimestamp="2013-09-10 10:59:40 ICT">
     <CheckID>9EC7304AE678DC2DE040E50A1EC07772</CheckID>
     <CheckType>OS</CheckType>
     <AlertType>WARNING</AlertType>
     <TargetType>UNSPECIFIED</TargetType>
     <Status>PASS</Status>
     <ColumnValues>
       <ColumnValue Name="NodeName" value="dm01db02"/>
     </ColumnValues>
   </ExacheckResult>
   <ExacheckResult executionTimestamp="2013-09-10 10:59:42 ICT">
     <CheckID>9EC7304AE67BDC2DE040E50A1EC07772</CheckID>
     <CheckType>OS</CheckType>
     <AlertType>INFO</AlertType>
     <TargetType>CRS</TargetType>
     <Status>PASS</Status>
     <ColumnValues>
       <ColumnValue Name="NodeName" value="dm01db02"/>
     </ColumnValues>
   </ExacheckResult>
   <ExacheckResult executionTimestamp="2013-09-10 10:59:42 ICT">
     <CheckID>9EC75B0918B88B4DE040E50A1EC07F4F</CheckID>
     <CheckType>OS</CheckType>
     <AlertType>WARNING</AlertType>
     <TargetType>RDBMS</TargetType>
     <Status>PASS</Status>
     <ColumnValues>
       <ColumnValue Name="NodeName" value="dm01db02"/>
       <ColumnValue Name="DBName" value="ccbs"/>
     </ColumnValues>
   </ExacheckResult>
   <ExacheckResult executionTimestamp="2013-09-10 10:59:43 ICT">
     <CheckID>9EC75B0918B88B4DE040E50A1EC07F4F</CheckID>
     <CheckType>OS</CheckType>
     <AlertType>WARNING</AlertType>
     <TargetType>RDBMS</TargetType>
     <Status>PASS</Status>
     <ColumnValues>
       <ColumnValue Name="NodeName" value="dm01db02"/>
       <ColumnValue Name="DBName" value="fsdb"/>
     </ColumnValues>
   </ExacheckResult>
   <ExacheckResult executionTimestamp="2013-09-10 10:59:44 ICT">
     <CheckID>9EC7CC606D1AD03AE040E50A1EC013F5</CheckID>
     <CheckType>OS</CheckType>
     <AlertType>WARNING</AlertType>
     <TargetType>RDBMS</TargetType>
     <Status>PASS</Status>
     <ColumnValues>
       <ColumnValue Name="NodeName" value="dm01db02"/>
       <ColumnValue Name="DBName" value="ccbs"/>
     </ColumnValues>
   </ExacheckResult>
   <ExacheckResult executionTimestamp="2013-09-10 10:59:45 ICT">
     <CheckID>9EC7CC606D1AD03AE040E50A1EC013F5</CheckID>
     <CheckType>OS</CheckType>
     <AlertType>WARNING</AlertType>
     <TargetType>RDBMS</TargetType>
     <Status>PASS</Status>
     <ColumnValues>
       <ColumnValue Name="NodeName" value="dm01db02"/>
       <ColumnValue Name="DBName" value="fsdb"/>
     </ColumnValues>
   </ExacheckResult>
   <ExacheckResult executionTimestamp="2013-09-10 10:59:47 ICT">
     <CheckID>9EC93C7514BF1512E040E50A1EC048DD</CheckID>
     <CheckType>OS</CheckType>
     <AlertType>WARNING</AlertType>
     <TargetType>CRS</TargetType>
     <Status>PASS</Status>
     <ColumnValues>
       <ColumnValue Name="NodeName" value="dm01db02"/>
     </ColumnValues>
   </ExacheckResult>
   <ExacheckResult executionTimestamp="2013-09-10 10:59:47 ICT">
     <CheckID>9EC87FB8BF2E4ED8E040E50A1EC03015</CheckID>
     <CheckType>OS</CheckType>
     <AlertType>WARNING</AlertType>
     <TargetType>UNSPECIFIED</TargetType>
     <Status>PASS</Status>
     <ColumnValues>
       <ColumnValue Name="NodeName" value="dm01db02"/>
     </ColumnValues>
   </ExacheckResult>
   <ExacheckResult executionTimestamp="2013-09-10 10:59:48 ICT">
     <CheckID>9EC87FB8BF304ED8E040E50A1EC03015</CheckID>
     <CheckType>OS</CheckType>
     <AlertType>WARNING</AlertType>
     <TargetType>UNSPECIFIED</TargetType>
     <Status>PASS</Status>
     <ColumnValues>
       <ColumnValue Name="NodeName" value="dm01db02"/>
     </ColumnValues>
   </ExacheckResult>
   <ExacheckResult executionTimestamp="2013-09-10 10:59:48 ICT">
     <CheckID>9EC9301DBE5F0076E040E50A1EC04ABF</CheckID>
     <CheckType>OS</CheckType>
     <AlertType>WARNING</AlertType>
     <TargetType>UNSPECIFIED</TargetType>
     <Status>PASS</Status>
     <ColumnValues>
       <ColumnValue Name="NodeName" value="dm01db02"/>
     </ColumnValues>
   </ExacheckResult>
   <ExacheckResult executionTimestamp="2013-09-10 10:59:49 ICT">
     <CheckID>9ECAA32F349F9F29E040E50A1EC06B13</CheckID>
     <CheckType>OS</CheckType>
     <AlertType>WARNING</AlertType>
     <TargetType>CRS</TargetType>
     <Status>PASS</Status>
     <ColumnValues>
       <ColumnValue Name="NodeName" value="dm01db02"/>
     </ColumnValues>
   </ExacheckResult>
   <ExacheckResult executionTimestamp="2013-09-10 10:59:50 ICT">
     <CheckID>9ECAF1A9259BF7E5E040E50A1EC07B1D</CheckID>
     <CheckType>OS</CheckType>
     <AlertType>WARNING</AlertType>
     <TargetType>UNSPECIFIED</TargetType>
     <Status>PASS</Status>
     <ColumnValues>
       <ColumnValue Name="NodeName" value="dm01db02"/>
     </ColumnValues>
   </ExacheckResult>
   <ExacheckResult executionTimestamp="2013-09-10 10:59:52 ICT">
     <CheckID>9ECAF1A9259FF7E5E040E50A1EC07B1D</CheckID>
     <CheckType>OS</CheckType>
     <AlertType>WARNING</AlertType>
     <TargetType>RDBMS</TargetType>
     <Status>PASS</Status>
     <ColumnValues>
       <ColumnValue Name="NodeName" value="dm01db02"/>
       <ColumnValue Name="DBName" value="ccbs"/>
     </ColumnValues>
   </ExacheckResult>
   <ExacheckResult executionTimestamp="2013-09-10 10:59:54 ICT">
     <CheckID>9ECAF1A9259FF7E5E040E50A1EC07B1D</CheckID>
     <CheckType>OS</CheckType>
     <AlertType>WARNING</AlertType>
     <TargetType>RDBMS</TargetType>
     <Status>PASS</Status>
     <ColumnValues>
       <ColumnValue Name="NodeName" value="dm01db02"/>
       <ColumnValue Name="DBName" value="fsdb"/>
     </ColumnValues>
   </ExacheckResult>
   <ExacheckResult executionTimestamp="2013-09-10 10:59:54 ICT">
     <CheckID>9ECB0B5B2A96B1F6E040E50A1EC00888</CheckID>
     <CheckType>OS</CheckType>
     <AlertType>WARNING</AlertType>
     <TargetType>UNSPECIFIED</TargetType>
     <Status>PASS</Status>
     <ColumnValues>
       <ColumnValue Name="NodeName" value="dm01db02"/>
     </ColumnValues>
   </ExacheckResult>
   <ExacheckResult executionTimestamp="2013-09-10 10:59:58 ICT">
     <CheckID>9F01B445A03D3166E040E50A1EC0214F</CheckID>
     <CheckType>OS</CheckType>
     <AlertType>WARNING</AlertType>
     <TargetType>RDBMS</TargetType>
     <Status>PASS</Status>
     <ColumnValues>
       <ColumnValue Name="NodeName" value="dm01db02"/>
       <ColumnValue Name="DBName" value="ccbs"/>
     </ColumnValues>
   </ExacheckResult>
   <ExacheckResult executionTimestamp="2013-09-10 11:00:02 ICT">
     <CheckID>9F01B445A03D3166E040E50A1EC0214F</CheckID>
     <CheckType>OS</CheckType>
     <AlertType>WARNING</AlertType>
     <TargetType>RDBMS</TargetType>
     <Status>PASS</Status>
     <ColumnValues>
       <ColumnValue Name="NodeName" value="dm01db02"/>
       <ColumnValue Name="DBName" value="fsdb"/>
     </ColumnValues>
   </ExacheckResult>
   <ExacheckResult executionTimestamp="2013-09-10 11:00:02 ICT">
     <CheckID>9F18B0509C5191C0E040E50A1EC02BAB</CheckID>
     <CheckType>OS_OUT_CHECK</CheckType>
     <AlertType>FAIL</AlertType>
     <TargetType>UNSPECIFIED</TargetType>
     <Status>PASS</Status>
     <OutfilePath>o_CheckHWnFWProfile_dm01db02.out</OutfilePath>
     <ColumnValues>
       <ColumnValue Name="NodeName" value="dm01db02"/>
     </ColumnValues>
   </ExacheckResult>
   <ExacheckResult executionTimestamp="2013-09-10 11:00:03 ICT">
     <CheckID>A305FE44B37FEC70E040E50A1EC02B37</CheckID>
     <CheckType>OS_OUT_CHECK</CheckType>
     <AlertType>FAIL</AlertType>
     <TargetType>UNSPECIFIED</TargetType>
     <Status>PASS</Status>
     <OutfilePath>o_dsk_ctrl_cache_policy_dm01db02.out</OutfilePath>
     <ColumnValues>
       <ColumnValue Name="NodeName" value="dm01db02"/>
     </ColumnValues>
   </ExacheckResult>
   <ExacheckResult executionTimestamp="2013-09-10 11:00:03 ICT">
     <CheckID>A30824633516E9C9E040E50A1EC02B26</CheckID>
     <CheckType>OS</CheckType>
     <AlertType>FAIL</AlertType>
     <TargetType>UNSPECIFIED</TargetType>
     <Status>PASS</Status>
     <ColumnValues>
       <ColumnValue Name="NodeName" value="dm01db02"/>
     </ColumnValues>
   </ExacheckResult>
   <ExacheckResult executionTimestamp="2013-09-10 11:00:03 ICT">
     <CheckID>AE0776FD5781E091E040E50A1EC0271B</CheckID>
     <CheckType>OS_OUT_CHECK</CheckType>
     <AlertType>WARNING</AlertType>
     <TargetType>UNSPECIFIED</TargetType>
     <Status>PASS</Status>
     <OutfilePath>o_asr_minver_dm01db02.out</OutfilePath>
     <ColumnValues>
       <ColumnValue Name="NodeName" value="dm01db02"/>
     </ColumnValues>
   </ExacheckResult>
   <ExacheckResult executionTimestamp="2013-09-10 11:00:04 ICT">
     <CheckID>D488CCF320B67B3AE0431EC0E50A5F42</CheckID>
     <CheckType>OS_OUT_CHECK</CheckType>
     <AlertType>FAIL</AlertType>
     <TargetType>UNSPECIFIED</TargetType>
     <Status>PASS</Status>
     <OutfilePath>o_logical_volume_fsck_dm01db02.out</OutfilePath>
     <ColumnValues>
       <ColumnValue Name="NodeName" value="dm01db02"/>
     </ColumnValues>
   </ExacheckResult>
   <ExacheckResult executionTimestamp="2013-09-10 11:00:04 ICT">
     <CheckID>A6B5F27DE8CAE335E040E50A1EC05BAB</CheckID>
     <CheckType>OS_OUT_CHECK</CheckType>
     <AlertType>FAIL</AlertType>
     <TargetType>UNSPECIFIED</TargetType>
     <Status>PASS</Status>
     <OutfilePath>o_disk_cache_policy_dm01db02.out</OutfilePath>
     <ColumnValues>
       <ColumnValue Name="NodeName" value="dm01db02"/>
     </ColumnValues>
   </ExacheckResult>
   <ExacheckResult executionTimestamp="2013-09-10 11:00:04 ICT">
     <CheckID>A9758C4D60FFB7AEE040E50A1EC0329C</CheckID>
     <CheckType>SQL_PARAM</CheckType>
     <AlertType>WARNING</AlertType>
     <TargetType>RDBMS</TargetType>
     <Status>FAIL</Status>
     <OutfilePath>a_v_parameter_asm.out</OutfilePath>
     <ColumnValues>
       <ColumnValue Name="DBName" value="fsdb"/>
       <ColumnValue Name="InstanceName" value="+ASM2"/>
       <ColumnValue Name="InitORAParameterName" value="memory_target"/>
     </ColumnValues>
   </ExacheckResult>
   <ExacheckResult executionTimestamp="2013-09-10 11:00:04 ICT">
     <CheckID>A97A01C7F17307CFE040E50A1EC06C63</CheckID>
     <CheckType>SQL_PARAM</CheckType>
     <AlertType>FAIL</AlertType>
     <TargetType>RDBMS</TargetType>
     <Status>PASS</Status>
     <OutfilePath>d_v_parameter_ccbs.out</OutfilePath>
     <ColumnValues>
       <ColumnValue Name="DBName" value="ccbs"/>
       <ColumnValue Name="InstanceName" value="ccbs2"/>
       <ColumnValue Name="InitORAParameterName" value="db_lost_write_protect"/>
     </ColumnValues>
   </ExacheckResult>
   <ExacheckResult executionTimestamp="2013-09-10 11:00:04 ICT">
     <CheckID>A97A01C7F17307CFE040E50A1EC06C63</CheckID>
     <CheckType>SQL_PARAM</CheckType>
     <AlertType>FAIL</AlertType>
     <TargetType>RDBMS</TargetType>
     <Status>FAIL</Status>
     <OutfilePath>d_v_parameter_fsdb.out</OutfilePath>
     <ColumnValues>
       <ColumnValue Name="DBName" value="fsdb"/>
       <ColumnValue Name="InstanceName" value="fsdb2"/>
       <ColumnValue Name="InitORAParameterName" value="db_lost_write_protect"/>
     </ColumnValues>
   </ExacheckResult>
   <ExacheckResult executionTimestamp="2013-09-10 11:00:04 ICT">
     <CheckID>A97A01C7F17407CFE040E50A1EC06C63</CheckID>
     <CheckType>SQL_PARAM</CheckType>
     <AlertType>FAIL</AlertType>
     <TargetType>RDBMS</TargetType>
     <Status>FAIL</Status>
     <OutfilePath>d_v_parameter_ccbs.out</OutfilePath>
     <ColumnValues>
       <ColumnValue Name="DBName" value="ccbs"/>
       <ColumnValue Name="InstanceName" value="ccbs2"/>
       <ColumnValue Name="InitORAParameterName" value="global_names"/>
     </ColumnValues>
   </ExacheckResult>
   <ExacheckResult executionTimestamp="2013-09-10 11:00:05 ICT">
     <CheckID>A97A01C7F17407CFE040E50A1EC06C63</CheckID>
     <CheckType>SQL_PARAM</CheckType>
     <AlertType>FAIL</AlertType>
     <TargetType>RDBMS</TargetType>
     <Status>FAIL</Status>
     <OutfilePath>d_v_parameter_fsdb.out</OutfilePath>
     <ColumnValues>
       <ColumnValue Name="DBName" value="fsdb"/>
       <ColumnValue Name="InstanceName" value="fsdb2"/>
       <ColumnValue Name="InitORAParameterName" value="global_names"/>
     </ColumnValues>
   </ExacheckResult>
   <ExacheckResult executionTimestamp="2013-09-10 11:00:05 ICT">
     <CheckID>A987A96AC4904D1BE040E50A1EC04C36</CheckID>
     <CheckType>SQL_PARAM</CheckType>
     <AlertType>FAIL</AlertType>
     <TargetType>RDBMS</TargetType>
     <Status>FAIL</Status>
     <OutfilePath>d_v_parameter_u_ccbs.out</OutfilePath>
     <ColumnValues>
       <ColumnValue Name="DBName" value="ccbs"/>
       <ColumnValue Name="InstanceName" value="ccbs2"/>
       <ColumnValue Name="InitORAParameterName" value="_file_size_increase_increment"/>
     </ColumnValues>
   </ExacheckResult>
   <ExacheckResult executionTimestamp="2013-09-10 11:00:05 ICT">
     <CheckID>A987A96AC4904D1BE040E50A1EC04C36</CheckID>
     <CheckType>SQL_PARAM</CheckType>
     <AlertType>FAIL</AlertType>
     <TargetType>RDBMS</TargetType>
     <Status>FAIL</Status>
     <OutfilePath>d_v_parameter_u_fsdb.out</OutfilePath>
     <ColumnValues>
       <ColumnValue Name="DBName" value="fsdb"/>
       <ColumnValue Name="InstanceName" value="fsdb2"/>
       <ColumnValue Name="InitORAParameterName" value="_file_size_increase_increment"/>
     </ColumnValues>
   </ExacheckResult>
   <ExacheckResult executionTimestamp="2013-09-10 11:00:05 ICT">
     <CheckID>A9897193A08184A3E040E50A1EC0366D</CheckID>
     <CheckType>SQL_PARAM</CheckType>
     <AlertType>FAIL</AlertType>
     <TargetType>RDBMS</TargetType>
     <Status>FAIL</Status>
     <OutfilePath>d_v_parameter_ccbs.out</OutfilePath>
     <ColumnValues>
       <ColumnValue Name="DBName" value="ccbs"/>
       <ColumnValue Name="InstanceName" value="ccbs2"/>
       <ColumnValue Name="InitORAParameterName" value="parallel_adaptive_multi_user"/>
     </ColumnValues>
   </ExacheckResult>
   <ExacheckResult executionTimestamp="2013-09-10 11:00:05 ICT">
     <CheckID>A9897193A08184A3E040E50A1EC0366D</CheckID>
     <CheckType>SQL_PARAM</CheckType>
     <AlertType>FAIL</AlertType>
     <TargetType>RDBMS</TargetType>
     <Status>FAIL</Status>
     <OutfilePath>d_v_parameter_fsdb.out</OutfilePath>
     <ColumnValues>
       <ColumnValue Name="DBName" value="fsdb"/>
       <ColumnValue Name="InstanceName" value="fsdb2"/>
       <ColumnValue Name="InitORAParameterName" value="parallel_adaptive_multi_user"/>
     </ColumnValues>
   </ExacheckResult>
   <ExacheckResult executionTimestamp="2013-09-10 11:00:05 ICT">
     <CheckID>A9899781F867286AE040E50A1EC03854</CheckID>
     <CheckType>SQL_PARAM</CheckType>
     <AlertType>FAIL</AlertType>
     <TargetType>RDBMS</TargetType>
     <Status>PASS</Status>
     <OutfilePath>d_v_parameter_u_ccbs.out</OutfilePath>
     <ColumnValues>
       <ColumnValue Name="DBName" value="ccbs"/>
       <ColumnValue Name="InstanceName" value="ccbs2"/>
       <ColumnValue Name="InitORAParameterName" value="_enable_NUMA_support"/>
     </ColumnValues>
   </ExacheckResult>
   <ExacheckResult executionTimestamp="2013-09-10 11:00:05 ICT">
     <CheckID>A9899781F867286AE040E50A1EC03854</CheckID>
     <CheckType>SQL_PARAM</CheckType>
     <AlertType>FAIL</AlertType>
     <TargetType>RDBMS</TargetType>
     <Status>PASS</Status>
     <OutfilePath>d_v_parameter_u_fsdb.out</OutfilePath>
     <ColumnValues>
       <ColumnValue Name="DBName" value="fsdb"/>
       <ColumnValue Name="InstanceName" value="fsdb2"/>
       <ColumnValue Name="InitORAParameterName" value="_enable_NUMA_support"/>
     </ColumnValues>
   </ExacheckResult>
   <ExacheckResult executionTimestamp="2013-09-10 11:00:05 ICT">
     <CheckID>A98A14A7D1CB386DE040E50A1EC01EBD</CheckID>
     <CheckType>SQL_PARAM</CheckType>
     <AlertType>FAIL</AlertType>
     <TargetType>RDBMS</TargetType>
     <Status>FAIL</Status>
     <OutfilePath>d_v_parameter_ccbs.out</OutfilePath>
     <ColumnValues>
       <ColumnValue Name="DBName" value="ccbs"/>
       <ColumnValue Name="InstanceName" value="ccbs2"/>
       <ColumnValue Name="InitORAParameterName" value="parallel_threads_per_cpu"/>
     </ColumnValues>
   </ExacheckResult>
   <ExacheckResult executionTimestamp="2013-09-10 11:00:05 ICT">
     <CheckID>A98A14A7D1CB386DE040E50A1EC01EBD</CheckID>
     <CheckType>SQL_PARAM</CheckType>
     <AlertType>FAIL</AlertType>
     <TargetType>RDBMS</TargetType>
     <Status>FAIL</Status>
     <OutfilePath>d_v_parameter_fsdb.out</OutfilePath>
     <ColumnValues>
       <ColumnValue Name="DBName" value="fsdb"/>
       <ColumnValue Name="InstanceName" value="fsdb2"/>
       <ColumnValue Name="InitORAParameterName" value="parallel_threads_per_cpu"/>
     </ColumnValues>
   </ExacheckResult>
   <ExacheckResult executionTimestamp="2013-09-10 11:00:06 ICT">
     <CheckID>A98AC77CA837A489E040E50A1EC014A6</CheckID>
     <CheckType>SQL_PARAM</CheckType>
     <AlertType>FAIL</AlertType>
     <TargetType>RDBMS</TargetType>
     <Status>PASS</Status>
     <OutfilePath>d_v_parameter_ccbs.out</OutfilePath>
     <ColumnValues>
       <ColumnValue Name="DBName" value="ccbs"/>
       <ColumnValue Name="InstanceName" value="ccbs2"/>
       <ColumnValue Name="InitORAParameterName" value="os_authent_prefix"/>
     </ColumnValues>
   </ExacheckResult>
   <ExacheckResult executionTimestamp="2013-09-10 11:00:06 ICT">
     <CheckID>A98AC77CA837A489E040E50A1EC014A6</CheckID>
     <CheckType>SQL_PARAM</CheckType>
     <AlertType>FAIL</AlertType>
     <TargetType>RDBMS</TargetType>
     <Status>FAIL</Status>
     <OutfilePath>d_v_parameter_fsdb.out</OutfilePath>
     <ColumnValues>
       <ColumnValue Name="DBName" value="fsdb"/>
       <ColumnValue Name="InstanceName" value="fsdb2"/>
       <ColumnValue Name="InitORAParameterName" value="os_authent_prefix"/>
     </ColumnValues>
   </ExacheckResult>
   <ExacheckResult executionTimestamp="2013-09-10 11:00:06 ICT">
     <CheckID>A98AD732FD4FF308E040E50A1EC01B2C</CheckID>
     <CheckType>SQL_PARAM</CheckType>
     <AlertType>FAIL</AlertType>
     <TargetType>RDBMS</TargetType>
     <Status>PASS</Status>
     <OutfilePath>d_v_parameter_ccbs.out</OutfilePath>
     <ColumnValues>
       <ColumnValue Name="DBName" value="ccbs"/>
       <ColumnValue Name="InstanceName" value="ccbs2"/>
       <ColumnValue Name="InitORAParameterName" value="open_cursors"/>
     </ColumnValues>
   </ExacheckResult>
   <ExacheckResult executionTimestamp="2013-09-10 11:00:06 ICT">
     <CheckID>A98AD732FD4FF308E040E50A1EC01B2C</CheckID>
     <CheckType>SQL_PARAM</CheckType>
     <AlertType>FAIL</AlertType>
     <TargetType>RDBMS</TargetType>
     <Status>PASS</Status>
     <OutfilePath>d_v_parameter_fsdb.out</OutfilePath>
     <ColumnValues>
       <ColumnValue Name="DBName" value="fsdb"/>
       <ColumnValue Name="InstanceName" value="fsdb2"/>
       <ColumnValue Name="InitORAParameterName" value="open_cursors"/>
     </ColumnValues>
   </ExacheckResult>
   <ExacheckResult executionTimestamp="2013-09-10 11:00:06 ICT">
     <CheckID>A98AD732FD50F308E040E50A1EC01B2C</CheckID>
     <CheckType>SQL_PARAM</CheckType>
     <AlertType>FAIL</AlertType>
     <TargetType>RDBMS</TargetType>
     <Status>FAIL</Status>
     <OutfilePath>d_v_parameter_ccbs.out</OutfilePath>
     <ColumnValues>
       <ColumnValue Name="DBName" value="ccbs"/>
       <ColumnValue Name="InstanceName" value="ccbs2"/>
       <ColumnValue Name="InitORAParameterName" value="use_large_pages"/>
     </ColumnValues>
   </ExacheckResult>
   <ExacheckResult executionTimestamp="2013-09-10 11:00:06 ICT">
     <CheckID>A98AD732FD50F308E040E50A1EC01B2C</CheckID>
     <CheckType>SQL_PARAM</CheckType>
     <AlertType>FAIL</AlertType>
     <TargetType>RDBMS</TargetType>
     <Status>FAIL</Status>
     <OutfilePath>d_v_parameter_fsdb.out</OutfilePath>
     <ColumnValues>
       <ColumnValue Name="DBName" value="fsdb"/>
       <ColumnValue Name="InstanceName" value="fsdb2"/>
       <ColumnValue Name="InitORAParameterName" value="use_large_pages"/>
     </ColumnValues>
   </ExacheckResult>
   <ExacheckResult executionTimestamp="2013-09-10 11:00:06 ICT">
     <CheckID>A98B0EBCBD6D9EADE040E50A1EC02600</CheckID>
     <CheckType>SQL_PARAM</CheckType>
     <AlertType>FAIL</AlertType>
     <TargetType>RDBMS</TargetType>
     <Status>PASS</Status>
     <OutfilePath>d_v_parameter_ccbs.out</OutfilePath>
     <ColumnValues>
       <ColumnValue Name="DBName" value="ccbs"/>
       <ColumnValue Name="InstanceName" value="ccbs2"/>
       <ColumnValue Name="InitORAParameterName" value="sql92_security"/>
     </ColumnValues>
   </ExacheckResult>
   <ExacheckResult executionTimestamp="2013-09-10 11:00:06 ICT">
     <CheckID>A98B0EBCBD6D9EADE040E50A1EC02600</CheckID>
     <CheckType>SQL_PARAM</CheckType>
     <AlertType>FAIL</AlertType>
     <TargetType>RDBMS</TargetType>
     <Status>FAIL</Status>
     <OutfilePath>d_v_parameter_fsdb.out</OutfilePath>
     <ColumnValues>
       <ColumnValue Name="DBName" value="fsdb"/>
       <ColumnValue Name="InstanceName" value="fsdb2"/>
       <ColumnValue Name="InitORAParameterName" value="sql92_security"/>
     </ColumnValues>
   </ExacheckResult>
   <ExacheckResult executionTimestamp="2013-09-10 11:00:07 ICT">
     <CheckID>A98B3A121DE84636E040E50A1EC031F9</CheckID>
     <CheckType>SQL_PARAM</CheckType>
     <AlertType>FAIL</AlertType>
     <TargetType>RDBMS</TargetType>
     <Status>PASS</Status>
     <OutfilePath>d_v_parameter_ccbs.out</OutfilePath>
     <ColumnValues>
       <ColumnValue Name="DBName" value="ccbs"/>
       <ColumnValue Name="InstanceName" value="ccbs2"/>
       <ColumnValue Name="InitORAParameterName" value="parallel_execution_message_size"/>
     </ColumnValues>
   </ExacheckResult>
   <ExacheckResult executionTimestamp="2013-09-10 11:00:07 ICT">
     <CheckID>A98B3A121DE84636E040E50A1EC031F9</CheckID>
     <CheckType>SQL_PARAM</CheckType>
     <AlertType>FAIL</AlertType>
     <TargetType>RDBMS</TargetType>
     <Status>PASS</Status>
     <OutfilePath>d_v_parameter_fsdb.out</OutfilePath>
     <ColumnValues>
       <ColumnValue Name="DBName" value="fsdb"/>
       <ColumnValue Name="InstanceName" value="fsdb2"/>
       <ColumnValue Name="InitORAParameterName" value="parallel_execution_message_size"/>
     </ColumnValues>
   </ExacheckResult>
   <ExacheckResult executionTimestamp="2013-09-10 11:00:08 ICT">
     <CheckID>AA53138B0B7D3B86E040E50A1EC07003</CheckID>
     <CheckType>OS</CheckType>
     <AlertType>FAIL</AlertType>
     <TargetType>ASM</TargetType>
     <Status>PASS</Status>
     <ColumnValues>
       <ColumnValue Name="NodeName" value="dm01db02"/>
     </ColumnValues>
   </ExacheckResult>
   <ExacheckResult executionTimestamp="2013-09-10 11:00:09 ICT">
     <CheckID>AA53138B0B7E3B86E040E50A1EC07003</CheckID>
     <CheckType>OS</CheckType>
     <AlertType>FAIL</AlertType>
     <TargetType>RDBMS</TargetType>
     <Status>FAIL</Status>
     <ColumnValues>
       <ColumnValue Name="NodeName" value="dm01db02"/>
       <ColumnValue Name="DBName" value="ccbs"/>
     </ColumnValues>
   </ExacheckResult>
   <ExacheckResult executionTimestamp="2013-09-10 11:00:10 ICT">
     <CheckID>AA53138B0B7E3B86E040E50A1EC07003</CheckID>
     <CheckType>OS</CheckType>
     <AlertType>FAIL</AlertType>
     <TargetType>RDBMS</TargetType>
     <Status>FAIL</Status>
     <ColumnValues>
       <ColumnValue Name="NodeName" value="dm01db02"/>
       <ColumnValue Name="DBName" value="fsdb"/>
     </ColumnValues>
   </ExacheckResult>
   <ExacheckResult executionTimestamp="2013-09-10 11:00:10 ICT">
     <CheckID>AA8C83A023362C5EE040E50A1EC0146A</CheckID>
     <CheckType>OS</CheckType>
     <AlertType>FAIL</AlertType>
     <TargetType>RDBMS</TargetType>
     <Status>PASS</Status>
     <ColumnValues>
       <ColumnValue Name="NodeName" value="dm01db02"/>
       <ColumnValue Name="DBName" value="ccbs"/>
     </ColumnValues>
   </ExacheckResult>
   <ExacheckResult executionTimestamp="2013-09-10 11:00:11 ICT">
     <CheckID>AA8C83A023362C5EE040E50A1EC0146A</CheckID>
     <CheckType>OS</CheckType>
     <AlertType>FAIL</AlertType>
     <TargetType>RDBMS</TargetType>
     <Status>PASS</Status>
     <ColumnValues>
       <ColumnValue Name="NodeName" value="dm01db02"/>
       <ColumnValue Name="DBName" value="fsdb"/>
     </ColumnValues>
   </ExacheckResult>
   <ExacheckResult executionTimestamp="2013-09-10 11:00:12 ICT">
     <CheckID>AA9125A029E40EAFE040E50A1EC0620D</CheckID>
     <CheckType>OS</CheckType>
     <AlertType>WARNING</AlertType>
     <TargetType>RDBMS</TargetType>
     <Status>PASS</Status>
     <ColumnValues>
       <ColumnValue Name="NodeName" value="dm01db02"/>
       <ColumnValue Name="DBName" value="ccbs"/>
     </ColumnValues>
   </ExacheckResult>
   <ExacheckResult executionTimestamp="2013-09-10 11:00:13 ICT">
     <CheckID>AA9125A029E40EAFE040E50A1EC0620D</CheckID>
     <CheckType>OS</CheckType>
     <AlertType>WARNING</AlertType>
     <TargetType>RDBMS</TargetType>
     <Status>PASS</Status>
     <ColumnValues>
       <ColumnValue Name="NodeName" value="dm01db02"/>
       <ColumnValue Name="DBName" value="fsdb"/>
     </ColumnValues>
   </ExacheckResult>
   <ExacheckResult executionTimestamp="2013-09-10 11:00:13 ICT">
     <CheckID>AA91ECCE954820DAE040E50A1EC01CFB</CheckID>
     <CheckType>OS</CheckType>
     <AlertType>FAIL</AlertType>
     <TargetType>UNSPECIFIED</TargetType>
     <Status>PASS</Status>
     <ColumnValues>
       <ColumnValue Name="NodeName" value="dm01db02"/>
     </ColumnValues>
   </ExacheckResult>
   <ExacheckResult executionTimestamp="2013-09-10 11:00:13 ICT">
     <CheckID>AA92D5836CADACE5E040E50A1EC06A0F</CheckID>
     <CheckType>OS</CheckType>
     <AlertType>FAIL</AlertType>
     <TargetType>UNSPECIFIED</TargetType>
     <Status>PASS</Status>
     <ColumnValues>
       <ColumnValue Name="NodeName" value="dm01db02"/>
     </ColumnValues>
   </ExacheckResult>
   <ExacheckResult executionTimestamp="2013-09-10 11:00:14 ICT">
     <CheckID>AAA18D72CD2CABDFE040E50A1EC05848</CheckID>
     <CheckType>OS</CheckType>
     <AlertType>FAIL</AlertType>
     <TargetType>RDBMS</TargetType>
     <Status>PASS</Status>
     <ColumnValues>
       <ColumnValue Name="NodeName" value="dm01db02"/>
       <ColumnValue Name="DBName" value="ccbs"/>
     </ColumnValues>
   </ExacheckResult>
   <ExacheckResult executionTimestamp="2013-09-10 11:00:15 ICT">
     <CheckID>AAA18D72CD2CABDFE040E50A1EC05848</CheckID>
     <CheckType>OS</CheckType>
     <AlertType>FAIL</AlertType>
     <TargetType>RDBMS</TargetType>
     <Status>PASS</Status>
     <ColumnValues>
       <ColumnValue Name="NodeName" value="dm01db02"/>
       <ColumnValue Name="DBName" value="fsdb"/>
     </ColumnValues>
   </ExacheckResult>
   <ExacheckResult executionTimestamp="2013-09-10 11:00:15 ICT">
     <CheckID>AAA5C9B5CD003D01E040E50A1EC05D0D</CheckID>
     <CheckType>OS</CheckType>
     <AlertType>FAIL</AlertType>
     <TargetType>RDBMS</TargetType>
     <Status>FAIL</Status>
     <ColumnValues>
       <ColumnValue Name="NodeName" value="dm01db02"/>
       <ColumnValue Name="DBName" value="ccbs"/>
     </ColumnValues>
   </ExacheckResult>
   <ExacheckResult executionTimestamp="2013-09-10 11:00:15 ICT">
     <CheckID>AAA5C9B5CD003D01E040E50A1EC05D0D</CheckID>
     <CheckType>OS</CheckType>
     <AlertType>FAIL</AlertType>
     <TargetType>RDBMS</TargetType>
     <Status>PASS</Status>
     <ColumnValues>
       <ColumnValue Name="NodeName" value="dm01db02"/>
       <ColumnValue Name="DBName" value="fsdb"/>
     </ColumnValues>
   </ExacheckResult>
   <ExacheckResult executionTimestamp="2013-09-10 11:00:17 ICT">
     <CheckID>AAA80656B22DB08BE040E50A1EC02222</CheckID>
     <CheckType>OS</CheckType>
     <AlertType>FAIL</AlertType>
     <TargetType>RDBMS</TargetType>
     <Status>FAIL</Status>
     <ColumnValues>
       <ColumnValue Name="NodeName" value="dm01db02"/>
       <ColumnValue Name="DBName" value="ccbs"/>
     </ColumnValues>
   </ExacheckResult>
   <ExacheckResult executionTimestamp="2013-09-10 11:00:18 ICT">
     <CheckID>AAA80656B22DB08BE040E50A1EC02222</CheckID>
     <CheckType>OS</CheckType>
     <AlertType>FAIL</AlertType>
     <TargetType>RDBMS</TargetType>
     <Status>FAIL</Status>
     <ColumnValues>
       <ColumnValue Name="NodeName" value="dm01db02"/>
       <ColumnValue Name="DBName" value="fsdb"/>
     </ColumnValues>
   </ExacheckResult>
   <ExacheckResult executionTimestamp="2013-09-10 11:00:18 ICT">
     <CheckID>AACE397A971608F0E040E50A1EC03350</CheckID>
     <CheckType>OS</CheckType>
     <AlertType>WARNING</AlertType>
     <TargetType>UNSPECIFIED</TargetType>
     <Status>FAIL</Status>
     <ColumnValues>
       <ColumnValue Name="NodeName" value="dm01db02"/>
     </ColumnValues>
   </ExacheckResult>
   <ExacheckResult executionTimestamp="2013-09-10 11:00:22 ICT">
     <CheckID>AE071F58E61C18F0E040E50A1EC01EA8</CheckID>
     <CheckType>OS</CheckType>
     <AlertType>WARNING</AlertType>
     <TargetType>RDBMS</TargetType>
     <Status>FAIL</Status>
     <ColumnValues>
       <ColumnValue Name="NodeName" value="dm01db02"/>
       <ColumnValue Name="DBName" value="ccbs"/>
     </ColumnValues>
   </ExacheckResult>
   <ExacheckResult executionTimestamp="2013-09-10 11:00:22 ICT">
     <CheckID>AE071F58E61C18F0E040E50A1EC01EA8</CheckID>
     <CheckType>OS</CheckType>
     <AlertType>WARNING</AlertType>
     <TargetType>RDBMS</TargetType>
     <Status>FAIL</Status>
     <ColumnValues>
       <ColumnValue Name="NodeName" value="dm01db02"/>
       <ColumnValue Name="DBName" value="fsdb"/>
     </ColumnValues>
   </ExacheckResult>
   <ExacheckResult executionTimestamp="2013-09-10 11:00:23 ICT">
     <CheckID>AEA7EA48A0E4F51FE040E50A1EC078F3</CheckID>
     <CheckType>OS_OUT_CHECK</CheckType>
     <AlertType>FAIL</AlertType>
     <TargetType>UNSPECIFIED</TargetType>
     <Status>PASS</Status>
     <OutfilePath>o_sysctl_rpfilter_dm01db02.out</OutfilePath>
     <ColumnValues>
       <ColumnValue Name="NodeName" value="dm01db02"/>
     </ColumnValues>
   </ExacheckResult>
   <ExacheckResult executionTimestamp="2013-09-10 11:00:24 ICT">
     <CheckID>9E01F6D03ACB7029E040E50A1EC02FAE</CheckID>
     <CheckType>OS_OUT_CHECK</CheckType>
     <AlertType>INFO</AlertType>
     <TargetType>UNSPECIFIED</TargetType>
     <Status>PASS</Status>
     <OutfilePath>o_raid_battery_condition_dm01db02.out</OutfilePath>
     <ColumnValues>
       <ColumnValue Name="NodeName" value="dm01db02"/>
     </ColumnValues>
   </ExacheckResult>
   <ExacheckResult executionTimestamp="2013-09-10 11:00:26 ICT">
     <CheckID>B0B3017BC94455B9E0431EC0E50AAA2A</CheckID>
     <CheckType>OS</CheckType>
     <AlertType>FAIL</AlertType>
     <TargetType>UNSPECIFIED</TargetType>
     <Status>PASS</Status>
     <ColumnValues>
       <ColumnValue Name="NodeName" value="dm01db02"/>
     </ColumnValues>
   </ExacheckResult>
   <ExacheckResult executionTimestamp="2013-09-10 11:00:27 ICT">
     <CheckID>B16B9310FB504695E0431EC0E50A880B</CheckID>
     <CheckType>SQL_PARAM</CheckType>
     <AlertType>FAIL</AlertType>
     <TargetType>RDBMS</TargetType>
     <Status>PASS</Status>
     <OutfilePath>d_v_parameter_ccbs.out</OutfilePath>
     <ColumnValues>
       <ColumnValue Name="DBName" value="ccbs"/>
       <ColumnValue Name="InstanceName" value="ccbs2"/>
       <ColumnValue Name="InitORAParameterName" value="undo_retention"/>
     </ColumnValues>
   </ExacheckResult>
   <ExacheckResult executionTimestamp="2013-09-10 11:00:27 ICT">
     <CheckID>B16B9310FB504695E0431EC0E50A880B</CheckID>
     <CheckType>SQL_PARAM</CheckType>
     <AlertType>FAIL</AlertType>
     <TargetType>RDBMS</TargetType>
     <Status>PASS</Status>
     <OutfilePath>d_v_parameter_fsdb.out</OutfilePath>
     <ColumnValues>
       <ColumnValue Name="DBName" value="fsdb"/>
       <ColumnValue Name="InstanceName" value="fsdb2"/>
       <ColumnValue Name="InitORAParameterName" value="undo_retention"/>
     </ColumnValues>
   </ExacheckResult>
   <ExacheckResult executionTimestamp="2013-09-10 11:00:27 ICT">
     <CheckID>B16C9847624E1B5AE0431EC0E50AE353</CheckID>
     <CheckType>SQL_PARAM</CheckType>
     <AlertType>WARNING</AlertType>
     <TargetType>RDBMS</TargetType>
     <Status>FAIL</Status>
     <OutfilePath>d_v_parameter_ccbs.out</OutfilePath>
     <ColumnValues>
       <ColumnValue Name="DBName" value="ccbs"/>
       <ColumnValue Name="InstanceName" value="ccbs2"/>
       <ColumnValue Name="InitORAParameterName" value="fast_start_mttr_target"/>
     </ColumnValues>
   </ExacheckResult>
   <ExacheckResult executionTimestamp="2013-09-10 11:00:27 ICT">
     <CheckID>B16C9847624E1B5AE0431EC0E50AE353</CheckID>
     <CheckType>SQL_PARAM</CheckType>
     <AlertType>WARNING</AlertType>
     <TargetType>RDBMS</TargetType>
     <Status>FAIL</Status>
     <OutfilePath>d_v_parameter_fsdb.out</OutfilePath>
     <ColumnValues>
       <ColumnValue Name="DBName" value="fsdb"/>
       <ColumnValue Name="InstanceName" value="fsdb2"/>
       <ColumnValue Name="InitORAParameterName" value="fast_start_mttr_target"/>
     </ColumnValues>
   </ExacheckResult>
   <ExacheckResult executionTimestamp="2013-09-10 11:00:35 ICT">
     <CheckID>B74D1BBA176502E8E0431EC0E50A9501</CheckID>
     <CheckType>ORACLE_PATCH</CheckType>
     <AlertType>INFO</AlertType>
     <TargetType>ORACLE_HOME</TargetType>
     <Status>PASS</Status>
     <OutfilePath>o_rdbms_patches_u01apporacleproduct11202dbhome_1_dm01db02.out</OutfilePath>
     <ColumnValues>
       <ColumnValue Name="NodeName" value="dm01db02"/>
       <ColumnValue Name="DBHome" value="/u01/app/oracle/product/11.2.0.2/dbhome_1"/>
     </ColumnValues>
   </ExacheckResult>
   <ExacheckResult executionTimestamp="2013-09-10 11:00:54 ICT">
     <CheckID>B81B7B06B22B3D3DE0431EC0E50A29D5</CheckID>
     <CheckType>OS</CheckType>
     <AlertType>FAIL</AlertType>
     <TargetType>UNSPECIFIED</TargetType>
     <Status>PASS</Status>
     <ColumnValues>
       <ColumnValue Name="NodeName" value="dm01db02"/>
     </ColumnValues>
   </ExacheckResult>
   <ExacheckResult executionTimestamp="2013-09-10 11:00:56 ICT">
     <CheckID>B9BCC54F3A901F18E0431EC0E50AC1A0</CheckID>
     <CheckType>SQL_PARAM</CheckType>
     <AlertType>FAIL</AlertType>
     <TargetType>RDBMS</TargetType>
     <Status>PASS</Status>
     <OutfilePath>d_v_parameter_ccbs.out</OutfilePath>
     <ColumnValues>
       <ColumnValue Name="DBName" value="ccbs"/>
       <ColumnValue Name="InstanceName" value="ccbs2"/>
       <ColumnValue Name="InitORAParameterName" value="recyclebin"/>
     </ColumnValues>
   </ExacheckResult>
   <ExacheckResult executionTimestamp="2013-09-10 11:00:56 ICT">
     <CheckID>B9BCC54F3A901F18E0431EC0E50AC1A0</CheckID>
     <CheckType>SQL_PARAM</CheckType>
     <AlertType>FAIL</AlertType>
     <TargetType>RDBMS</TargetType>
     <Status>PASS</Status>
     <OutfilePath>d_v_parameter_fsdb.out</OutfilePath>
     <ColumnValues>
       <ColumnValue Name="DBName" value="fsdb"/>
       <ColumnValue Name="InstanceName" value="fsdb2"/>
       <ColumnValue Name="InitORAParameterName" value="recyclebin"/>
     </ColumnValues>
   </ExacheckResult>
   <ExacheckResult executionTimestamp="2013-09-10 11:00:59 ICT">
     <CheckID>BF275334967679AFE0431EC0E50A1F62</CheckID>
     <CheckType>OS</CheckType>
     <AlertType>FAIL</AlertType>
     <TargetType>ASM</TargetType>
     <Status>FAIL</Status>
     <ColumnValues>
       <ColumnValue Name="NodeName" value="dm01db02"/>
     </ColumnValues>
   </ExacheckResult>
   <ExacheckResult executionTimestamp="2013-09-10 11:01:03 ICT">
     <CheckID>BF7816B1B3701824E0431EC0E50A99F0</CheckID>
     <CheckType>ORACLE_PATCH</CheckType>
     <AlertType>FAIL</AlertType>
     <TargetType>ORACLE_HOME</TargetType>
     <Status>PASS</Status>
     <OutfilePath>o_rdbms_patches_u01apporacleproduct11202dbhome_1_dm01db02.out</OutfilePath>
     <ColumnValues>
       <ColumnValue Name="NodeName" value="dm01db02"/>
       <ColumnValue Name="DBHome" value="/u01/app/oracle/product/11.2.0.2/dbhome_1"/>
     </ColumnValues>
   </ExacheckResult>
   <ExacheckResult executionTimestamp="2013-09-10 11:01:05 ICT">
     <CheckID>CB9509FA4B081892E0431EC0E50AB07D</CheckID>
     <CheckType>SQL_PARAM</CheckType>
     <AlertType>WARNING</AlertType>
     <TargetType>RDBMS</TargetType>
     <Status>PASS</Status>
     <OutfilePath>d_v_parameter_ccbs.out</OutfilePath>
     <ColumnValues>
       <ColumnValue Name="DBName" value="ccbs"/>
       <ColumnValue Name="InstanceName" value="ccbs2"/>
       <ColumnValue Name="InitORAParameterName" value="shared_servers"/>
     </ColumnValues>
   </ExacheckResult>
   <ExacheckResult executionTimestamp="2013-09-10 11:01:05 ICT">
     <CheckID>CB9509FA4B081892E0431EC0E50AB07D</CheckID>
     <CheckType>SQL_PARAM</CheckType>
     <AlertType>WARNING</AlertType>
     <TargetType>RDBMS</TargetType>
     <Status>FAIL</Status>
     <OutfilePath>d_v_parameter_fsdb.out</OutfilePath>
     <ColumnValues>
       <ColumnValue Name="DBName" value="fsdb"/>
       <ColumnValue Name="InstanceName" value="fsdb2"/>
       <ColumnValue Name="InitORAParameterName" value="shared_servers"/>
     </ColumnValues>
   </ExacheckResult>
   <ExacheckResult executionTimestamp="2013-09-10 11:01:06 ICT">
     <CheckID>CB959908DA08427CE0431EC0E50AB096</CheckID>
     <CheckType>OS</CheckType>
     <AlertType>FAIL</AlertType>
     <TargetType>UNSPECIFIED</TargetType>
     <Status>FAIL</Status>
     <ColumnValues>
       <ColumnValue Name="NodeName" value="dm01db02"/>
     </ColumnValues>
   </ExacheckResult>
   <ExacheckResult executionTimestamp="2013-09-10 11:01:06 ICT">
     <CheckID>9BF409414D4C9657E040E50A1EC02228</CheckID>
     <CheckType>OS_OUT_CHECK</CheckType>
     <AlertType>FAIL</AlertType>
     <TargetType>UNSPECIFIED</TargetType>
     <Status>PASS</Status>
     <OutfilePath>o_virtual_drive_configuration_dm01db02.out</OutfilePath>
     <ColumnValues>
       <ColumnValue Name="NodeName" value="dm01db02"/>
     </ColumnValues>
   </ExacheckResult>
   <ExacheckResult executionTimestamp="2013-09-10 11:01:07 ICT">
     <CheckID>B810C657630E258CE0431EC0E50AA78A</CheckID>
     <CheckType>OS_OUT_CHECK</CheckType>
     <AlertType>FAIL</AlertType>
     <TargetType>UNSPECIFIED</TargetType>
     <Status>PASS</Status>
     <OutfilePath>o_physical_drive_configuration_dm01db02.out</OutfilePath>
     <ColumnValues>
       <ColumnValue Name="NodeName" value="dm01db02"/>
     </ColumnValues>
   </ExacheckResult>
   <ExacheckResult executionTimestamp="2013-09-10 11:01:07 ICT">
     <CheckID>B813230DE78F2831E0431EC0E50AEB90</CheckID>
     <CheckType>OS_OUT_CHECK</CheckType>
     <AlertType>FAIL</AlertType>
     <TargetType>UNSPECIFIED</TargetType>
     <Status>PASS</Status>
     <OutfilePath>o_disk_controller_config_dm01db02.out</OutfilePath>
     <ColumnValues>
       <ColumnValue Name="NodeName" value="dm01db02"/>
     </ColumnValues>
   </ExacheckResult>
   <ExacheckResult executionTimestamp="2013-09-10 11:01:07 ICT">
     <CheckID>CCAD91212BD475C4E0431EC0E50A3FB5</CheckID>
     <CheckType>SQL_PARAM</CheckType>
     <AlertType>INFO</AlertType>
     <TargetType>RDBMS</TargetType>
     <Status>PASS</Status>
     <OutfilePath>d_v_parameter_ccbs.out</OutfilePath>
     <ColumnValues>
       <ColumnValue Name="DBName" value="ccbs"/>
       <ColumnValue Name="InstanceName" value="ccbs2"/>
       <ColumnValue Name="InitORAParameterName" value="undo_management"/>
     </ColumnValues>
   </ExacheckResult>
   <ExacheckResult executionTimestamp="2013-09-10 11:01:07 ICT">
     <CheckID>CCAD91212BD475C4E0431EC0E50A3FB5</CheckID>
     <CheckType>SQL_PARAM</CheckType>
     <AlertType>INFO</AlertType>
     <TargetType>RDBMS</TargetType>
     <Status>PASS</Status>
     <OutfilePath>d_v_parameter_fsdb.out</OutfilePath>
     <ColumnValues>
       <ColumnValue Name="DBName" value="fsdb"/>
       <ColumnValue Name="InstanceName" value="fsdb2"/>
       <ColumnValue Name="InitORAParameterName" value="undo_management"/>
     </ColumnValues>
   </ExacheckResult>
   <ExacheckResult executionTimestamp="2013-09-10 11:01:09 ICT">
     <CheckID>A979F210F9BCA8A1E040E50A1EC06671</CheckID>
     <CheckType>SQL_PARAM</CheckType>
     <AlertType>FAIL</AlertType>
     <TargetType>RDBMS</TargetType>
     <Status>PASS</Status>
     <OutfilePath>d_v_parameter_ccbs.out</OutfilePath>
     <ColumnValues>
       <ColumnValue Name="DBName" value="ccbs"/>
       <ColumnValue Name="InstanceName" value="ccbs2"/>
       <ColumnValue Name="InitORAParameterName" value="log_buffer"/>
     </ColumnValues>
   </ExacheckResult>
   <ExacheckResult executionTimestamp="2013-09-10 11:01:09 ICT">
     <CheckID>A979F210F9BCA8A1E040E50A1EC06671</CheckID>
     <CheckType>SQL_PARAM</CheckType>
     <AlertType>FAIL</AlertType>
     <TargetType>RDBMS</TargetType>
     <Status>FAIL</Status>
     <OutfilePath>d_v_parameter_fsdb.out</OutfilePath>
     <ColumnValues>
       <ColumnValue Name="DBName" value="fsdb"/>
       <ColumnValue Name="InstanceName" value="fsdb2"/>
       <ColumnValue Name="InitORAParameterName" value="log_buffer"/>
     </ColumnValues>
   </ExacheckResult>
   <ExacheckResult executionTimestamp="2013-09-10 11:01:10 ICT">
     <CheckID>D45FD167691E265FE0431EC0E50A4C68</CheckID>
     <CheckType>OS</CheckType>
     <AlertType>FAIL</AlertType>
     <TargetType>ASM</TargetType>
     <Status>PASS</Status>
     <ColumnValues>
       <ColumnValue Name="NodeName" value="dm01db02"/>
     </ColumnValues>
   </ExacheckResult>
   <ExacheckResult executionTimestamp="2013-09-10 11:01:11 ICT">
     <CheckID>D461326889EE4A3DE0431EC0E50ABE4A</CheckID>
     <CheckType>OS</CheckType>
     <AlertType>FAIL</AlertType>
     <TargetType>ASM</TargetType>
     <Status>PASS</Status>
     <ColumnValues>
       <ColumnValue Name="NodeName" value="dm01db02"/>
     </ColumnValues>
   </ExacheckResult>
   <ExacheckResult executionTimestamp="2013-09-10 11:01:11 ICT">
     <CheckID>D464F7E8C91758EDE0431EC0E50AD3A6</CheckID>
     <CheckType>OS_OUT_CHECK</CheckType>
     <AlertType>FAIL</AlertType>
     <TargetType>UNSPECIFIED</TargetType>
     <Status>PASS</Status>
     <OutfilePath>o_exachkcfg_dm01db02.out</OutfilePath>
     <ColumnValues>
       <ColumnValue Name="NodeName" value="dm01db02"/>
     </ColumnValues>
   </ExacheckResult>
   <ExacheckResult executionTimestamp="2013-09-10 11:01:13 ICT">
     <CheckID>D957C871B811597AE04312C0E50A91BF</CheckID>
     <CheckType>OS</CheckType>
     <AlertType>INFO</AlertType>
     <TargetType>ASM</TargetType>
     <Status>PASS</Status>
     <ColumnValues>
       <ColumnValue Name="NodeName" value="dm01db02"/>
     </ColumnValues>
   </ExacheckResult>
   <ExacheckResult executionTimestamp="2013-09-10 11:01:16 ICT">
     <CheckID>DC3BD42DE3422247E04312C0E50A0CB7</CheckID>
     <CheckType>SQL_PARAM</CheckType>
     <AlertType>FAIL</AlertType>
     <TargetType>RDBMS</TargetType>
     <Status>FAIL</Status>
     <OutfilePath>d_v_parameter_ccbs.out</OutfilePath>
     <ColumnValues>
       <ColumnValue Name="DBName" value="ccbs"/>
       <ColumnValue Name="InstanceName" value="ccbs2"/>
       <ColumnValue Name="InitORAParameterName" value="db_files"/>
     </ColumnValues>
   </ExacheckResult>
   <ExacheckResult executionTimestamp="2013-09-10 11:01:16 ICT">
     <CheckID>DC3BD42DE3422247E04312C0E50A0CB7</CheckID>
     <CheckType>SQL_PARAM</CheckType>
     <AlertType>FAIL</AlertType>
     <TargetType>RDBMS</TargetType>
     <Status>FAIL</Status>
     <OutfilePath>d_v_parameter_fsdb.out</OutfilePath>
     <ColumnValues>
       <ColumnValue Name="DBName" value="fsdb"/>
       <ColumnValue Name="InstanceName" value="fsdb2"/>
       <ColumnValue Name="InitORAParameterName" value="db_files"/>
     </ColumnValues>
   </ExacheckResult>
   <ExacheckResult executionTimestamp="2013-09-10 11:01:17 ICT">
     <CheckID>DCAADC76FAFD4B92E04313C0E50A1ED8</CheckID>
     <CheckType>OS_OUT_CHECK</CheckType>
     <AlertType>FAIL</AlertType>
     <TargetType>UNSPECIFIED</TargetType>
     <Status>PASS</Status>
     <OutfilePath>o_database_server_opensmd_status_dm01db02.out</OutfilePath>
     <ColumnValues>
       <ColumnValue Name="NodeName" value="dm01db02"/>
     </ColumnValues>
   </ExacheckResult>
   <ExacheckResult executionTimestamp="2013-09-10 11:01:18 ICT">
     <CheckID>DCB1CEA9CF6875BEE04312C0E50A4571</CheckID>
     <CheckType>SQL_PARAM</CheckType>
     <AlertType>FAIL</AlertType>
     <TargetType>RDBMS</TargetType>
     <Status>PASS</Status>
     <OutfilePath>d_v_parameter_ccbs.out</OutfilePath>
     <ColumnValues>
       <ColumnValue Name="DBName" value="ccbs"/>
       <ColumnValue Name="InstanceName" value="ccbs2"/>
       <ColumnValue Name="InitORAParameterName" value="processes"/>
     </ColumnValues>
   </ExacheckResult>
   <ExacheckResult executionTimestamp="2013-09-10 11:01:18 ICT">
     <CheckID>DCB1CEA9CF6875BEE04312C0E50A4571</CheckID>
     <CheckType>SQL_PARAM</CheckType>
     <AlertType>FAIL</AlertType>
     <TargetType>RDBMS</TargetType>
     <Status>FAIL</Status>
     <OutfilePath>d_v_parameter_fsdb.out</OutfilePath>
     <ColumnValues>
       <ColumnValue Name="DBName" value="fsdb"/>
       <ColumnValue Name="InstanceName" value="fsdb2"/>
       <ColumnValue Name="InitORAParameterName" value="processes"/>
     </ColumnValues>
   </ExacheckResult>
   <ExacheckResult executionTimestamp="2013-09-10 11:01:18 ICT">
     <CheckID>DCDAA687991C74C1E04312C0E50AB672</CheckID>
     <CheckType>OS</CheckType>
     <AlertType>FAIL</AlertType>
     <TargetType>ASM</TargetType>
     <Status>PASS</Status>
     <ColumnValues>
       <ColumnValue Name="NodeName" value="dm01db02"/>
     </ColumnValues>
   </ExacheckResult>
   <ExacheckResult executionTimestamp="2013-09-10 11:01:18 ICT">
     <CheckID>DCDB11F4CA7C5701E04313C0E50AB5D3</CheckID>
     <CheckType>OS</CheckType>
     <AlertType>FAIL</AlertType>
     <TargetType>UNSPECIFIED</TargetType>
     <Status>FAIL</Status>
     <ColumnValues>
       <ColumnValue Name="NodeName" value="dm01db02"/>
     </ColumnValues>
   </ExacheckResult>
