<ExaCheckExclusions modelVersion=" 2.2.2.1_20130617" RackType="QUARTER" EngineeredSystems="Exadata" RackIdentifier="" ExadataType="X2-2" xsi:noNamespaceSchemaLocation="exacheck_exclusion.xsd" xmlns:xsi="http://www.w3.org/2001/XMLSchema-instance">
   <ExacheckExclusion>
     <CheckID>AAD0870AA3E4436EE040E50A1EC03479</CheckID>
     <CheckType>OS_OUT_CHECK</CheckType>
     <AlertType>FAIL</AlertType>
     <TargetType>STORAGE_CELL</TargetType>
     <CheckName>Verify storage server metric CD_IO_ST_RQ</CheckName>
     <OutfilePath>c_cbc_cell_metric_cd_io_st_rq_dm01cel01.out</OutfilePath>
     <ColumnValues>
       <ColumnValue Name="NodeName" value="dm01cel01"/>
     </ColumnValues>
     <Message><![CDATA[skipping Verify storage server metric CD_IO_ST_RQ on dm01cel01 because c_cbc_cell_metric_cd_io_st_rq_dm01cel01.out not found]]></Message>
   </ExacheckExclusion>
   <ExacheckExclusion>
     <CheckID>ADF21ECC6B52B547E040E50A1EC06588</CheckID>
     <CheckType>OS_OUT_CHECK</CheckType>
     <AlertType>FAIL</AlertType>
     <TargetType>STORAGE_CELL</TargetType>
     <CheckName>Verify there are no griddisks configured on flash memory devices</CheckName>
     <OutfilePath>c_cbc_cell_grid_disk_on_flash_dm01cel01.out</OutfilePath>
     <ColumnValues>
       <ColumnValue Name="NodeName" value="dm01cel01"/>
     </ColumnValues>
     <Message><![CDATA[skipping Verify there are no griddisks configured on flash memory devices on dm01cel01 because c_cbc_cell_grid_disk_on_flash_dm01cel01.out not found]]></Message>
   </ExacheckExclusion>
   <ExacheckExclusion>
     <CheckID>ADF21ECC6B52B547E040E50A1EC06588</CheckID>
     <CheckType>OS_OUT_CHECK</CheckType>
     <AlertType>FAIL</AlertType>
     <TargetType>STORAGE_CELL</TargetType>
     <CheckName>Verify there are no griddisks configured on flash memory devices</CheckName>
     <OutfilePath>c_cbc_cell_grid_disk_on_flash_dm01cel02.out</OutfilePath>
     <ColumnValues>
       <ColumnValue Name="NodeName" value="dm01cel02"/>
     </ColumnValues>
     <Message><![CDATA[skipping Verify there are no griddisks configured on flash memory devices on dm01cel02 because c_cbc_cell_grid_disk_on_flash_dm01cel02.out not found]]></Message>
   </ExacheckExclusion>
   <ExacheckExclusion>
     <CheckID>ADF21ECC6B52B547E040E50A1EC06588</CheckID>
     <CheckType>OS_OUT_CHECK</CheckType>
     <AlertType>FAIL</AlertType>
     <TargetType>STORAGE_CELL</TargetType>
     <CheckName>Verify there are no griddisks configured on flash memory devices</CheckName>
     <OutfilePath>c_cbc_cell_grid_disk_on_flash_dm01cel03.out</OutfilePath>
     <ColumnValues>
       <ColumnValue Name="NodeName" value="dm01cel03"/>
     </ColumnValues>
     <Message><![CDATA[skipping Verify there are no griddisks configured on flash memory devices on dm01cel03 because c_cbc_cell_grid_disk_on_flash_dm01cel03.out not found]]></Message>
   </ExacheckExclusion>
   <ExacheckExclusion>
     <CheckID>B868BEE57CBB0727E0431EC0E50A6569</CheckID>
     <CheckType>OS_OUT_CHECK</CheckType>
     <AlertType>FAIL</AlertType>
     <TargetType>STORAGE_CELL</TargetType>
     <CheckName>Verify total size of all griddisks fully utilizes celldisk capacity</CheckName>
     <OutfilePath>c_cbc_celldisk_griddisks_usage_dm01cel01.out</OutfilePath>
     <ColumnValues>
       <ColumnValue Name="NodeName" value="dm01cel01"/>
     </ColumnValues>
     <Message><![CDATA[skipping Verify total size of all griddisks fully utilizes celldisk capacity on dm01cel01 because c_cbc_celldisk_griddisks_usage_dm01cel01.out not found]]></Message>
   </ExacheckExclusion>
   <ExacheckExclusion>
     <CheckID>B868BEE57CBB0727E0431EC0E50A6569</CheckID>
     <CheckType>OS_OUT_CHECK</CheckType>
     <AlertType>FAIL</AlertType>
     <TargetType>STORAGE_CELL</TargetType>
     <CheckName>Verify total size of all griddisks fully utilizes celldisk capacity</CheckName>
     <OutfilePath>c_cbc_celldisk_griddisks_usage_dm01cel02.out</OutfilePath>
     <ColumnValues>
       <ColumnValue Name="NodeName" value="dm01cel02"/>
     </ColumnValues>
     <Message><![CDATA[skipping Verify total size of all griddisks fully utilizes celldisk capacity on dm01cel02 because c_cbc_celldisk_griddisks_usage_dm01cel02.out not found]]></Message>
   </ExacheckExclusion>
   <ExacheckExclusion>
     <CheckID>B868BEE57CBB0727E0431EC0E50A6569</CheckID>
     <CheckType>OS_OUT_CHECK</CheckType>
     <AlertType>FAIL</AlertType>
     <TargetType>STORAGE_CELL</TargetType>
     <CheckName>Verify total size of all griddisks fully utilizes celldisk capacity</CheckName>
     <OutfilePath>c_cbc_celldisk_griddisks_usage_dm01cel03.out</OutfilePath>
     <ColumnValues>
       <ColumnValue Name="NodeName" value="dm01cel03"/>
     </ColumnValues>
     <Message><![CDATA[skipping Verify total size of all griddisks fully utilizes celldisk capacity on dm01cel03 because c_cbc_celldisk_griddisks_usage_dm01cel03.out not found]]></Message>
   </ExacheckExclusion>
   <ExacheckExclusion>
     <CheckID>B87C180644F65C1CE0431EC0E50AD99B</CheckID>
     <CheckType>OS_OUT_CHECK</CheckType>
     <AlertType>FAIL</AlertType>
     <TargetType>STORAGE_CELL</TargetType>
     <CheckName>Verify total number of griddisks with a given prefix name is evenly divisible of celldisks</CheckName>
     <OutfilePath>c_cbc_even_grid_disks_dm01cel01.out</OutfilePath>
     <ColumnValues>
       <ColumnValue Name="NodeName" value="dm01cel01"/>
     </ColumnValues>
     <Message><![CDATA[skipping Verify total number of griddisks with a given prefix name is evenly divisible of celldisks on dm01cel01 because c_cbc_even_grid_disks_dm01cel01.out not found]]></Message>
   </ExacheckExclusion>
   <ExacheckExclusion>
     <CheckID>B87C180644F65C1CE0431EC0E50AD99B</CheckID>
     <CheckType>OS_OUT_CHECK</CheckType>
     <AlertType>FAIL</AlertType>
     <TargetType>STORAGE_CELL</TargetType>
     <CheckName>Verify total number of griddisks with a given prefix name is evenly divisible of celldisks</CheckName>
     <OutfilePath>c_cbc_even_grid_disks_dm01cel02.out</OutfilePath>
     <ColumnValues>
       <ColumnValue Name="NodeName" value="dm01cel02"/>
     </ColumnValues>
     <Message><![CDATA[skipping Verify total number of griddisks with a given prefix name is evenly divisible of celldisks on dm01cel02 because c_cbc_even_grid_disks_dm01cel02.out not found]]></Message>
   </ExacheckExclusion>
   <ExacheckExclusion>
     <CheckID>B87C180644F65C1CE0431EC0E50AD99B</CheckID>
     <CheckType>OS_OUT_CHECK</CheckType>
     <AlertType>FAIL</AlertType>
     <TargetType>STORAGE_CELL</TargetType>
     <CheckName>Verify total number of griddisks with a given prefix name is evenly divisible of celldisks</CheckName>
     <OutfilePath>c_cbc_even_grid_disks_dm01cel03.out</OutfilePath>
     <ColumnValues>
       <ColumnValue Name="NodeName" value="dm01cel03"/>
     </ColumnValues>
     <Message><![CDATA[skipping Verify total number of griddisks with a given prefix name is evenly divisible of celldisks on dm01cel03 because c_cbc_even_grid_disks_dm01cel03.out not found]]></Message>
   </ExacheckExclusion>
   <ExacheckExclusion>
     <CheckID>B87C953BAEB62A14E0431EC0E50AD695</CheckID>
     <CheckType>OS_OUT_CHECK</CheckType>
     <AlertType>FAIL</AlertType>
     <TargetType>STORAGE_CELL</TargetType>
     <CheckName>Verify griddisk count matches across all storage servers where a given prefix name exists</CheckName>
     <OutfilePath>c_cbc_griddisk_devide_celldisk_dm01cel01.out</OutfilePath>
     <ColumnValues>
       <ColumnValue Name="NodeName" value="dm01cel01"/>
     </ColumnValues>
     <Message><![CDATA[skipping Verify griddisk count matches across all storage servers where a given prefix name exists on dm01cel01 because c_cbc_griddisk_devide_celldisk_dm01cel01.out not found]]></Message>
   </ExacheckExclusion>
</ExaCheckExclusions>
